{"cameraMode":{"drawMode":0,"name":"Shaded","section":"Shading Mode"},"sceneLighting":false,"audioPlay":false,"sceneViewState":{"showFog":true,"showMaterialUpdate":true,"showSkybox":false,"showFlares":true,"showImageEffects":true,"showParticleSystems":true},"in2DMode":false,"pivot":{"x":0.0,"y":1.1540595293045045,"z":0.1746540069580078},"rotation":{"x":-0.2810781002044678,"y":-0.10853806883096695,"z":0.03201320022344589,"w":-0.9529963135719299},"size":15.115104675292969,"orthographic":false}