{"cameraMode":{"drawMode":0,"name":"Shaded","section":"Shading Mode"},"sceneLighting":false,"audioPlay":false,"sceneViewState":{"showFog":false,"showMaterialUpdate":false,"showSkybox":false,"showFlares":false,"showImageEffects":false,"showParticleSystems":false},"in2DMode":false,"pivot":{"x":225.3530731201172,"y":121.95206451416016,"z":-263.1000061035156},"rotation":{"x":-0.5732281804084778,"y":-0.10931433737277985,"z":0.07750292122364044,"w":-0.8083816170692444},"size":11.151856422424317,"orthographic":false}