{"cameraMode":{"drawMode":0,"name":"Shaded","section":"Shading Mode"},"sceneLighting":false,"audioPlay":false,"sceneViewState":{"showFog":true,"showMaterialUpdate":true,"showSkybox":false,"showFlares":true,"showImageEffects":true,"showParticleSystems":true},"in2DMode":false,"pivot":{"x":-3.025026321411133,"y":2.535304546356201,"z":-8.38380241394043},"rotation":{"x":-0.08581390231847763,"y":-0.7262744307518005,"z":0.09222589433193207,"w":-0.6757718920707703},"size":19.600391387939454,"orthographic":false}